dstport,hour_cst,day_cst,month_cst,last_payload_time,last_client_hello_time,time_difference_ms,hour_slot
441,1,8,12,1733590806.859017,1733590806.779381,79.6358585357666,1AM-2AM
443,1,8,12,1733590807.208138,1733590806.779413,428.725004196167,1AM-2AM
444,1,8,12,1733590806.869054,1733590806.779426,89.62798118591309,1AM-2AM
446,1,8,12,1733590806.999067,1733590806.779453,219.61402893066406,1AM-2AM
448,1,8,12,1733590806.929041,1733590806.779479,149.56188201904297,1AM-2AM
450,1,8,12,1733590806.929066,1733590806.779504,149.56188201904297,1AM-2AM
452,1,8,12,1733591346.942122,1733591346.762806,179.31604385375977,1AM-2AM
454,1,8,12,1733591346.89215,1733591346.762835,129.31489944458008,1AM-2AM
456,1,8,12,1733591346.892158,1733591346.762862,129.29606437683105,1AM-2AM
457,1,8,12,1733591346.902126,1733591346.762876,139.2500400543213,1AM-2AM
459,1,8,12,1733591346.892135,1733591346.762905,129.23002243041992,1AM-2AM
461,1,8,12,1733591886.904822,1733591886.765097,139.7252082824707,1AM-2AM
462,1,8,12,1733591886.884869,1733591886.765145,119.72403526306152,1AM-2AM
463,1,8,12,1733591886.88488,1733591886.765161,119.71902847290039,1AM-2AM
464,1,8,12,1733591886.91483,1733591886.765173,149.6570110321045,1AM-2AM
465,1,8,12,1733591886.884862,1733591886.765185,119.67682838439941,1AM-2AM
466,1,8,12,1733591886.884885,1733591886.765197,119.68803405761719,1AM-2AM
467,1,8,12,1733591886.884845,1733591886.765209,119.63605880737305,1AM-2AM
470,1,8,12,1733591886.884878,1733591886.765251,119.62699890136719,1AM-2AM
441,2,8,12,1733594406.865873,1733594406.796195,69.67806816101074,2AM-3AM
442,2,8,12,1733594406.895886,1733594406.796209,99.67684745788574,2AM-3AM
443,2,8,12,1733594406.95491,1733594406.796222,158.68806838989258,2AM-3AM
444,2,8,12,1733594406.895875,1733594406.796234,99.64108467102051,2AM-3AM
448,2,8,12,1733594406.944917,1733594406.796304,148.61297607421875,2AM-3AM
451,2,8,12,1733594946.906967,1733594946.797236,109.73095893859863,2AM-3AM
452,2,8,12,1733594946.906981,1733594946.797263,109.71808433532715,2AM-3AM
454,2,8,12,1733594946.906974,1733594946.797289,109.68518257141113,2AM-3AM
455,2,8,12,1733594946.886952,1733594946.797308,89.64395523071289,2AM-3AM
457,2,8,12,1733594946.906958,1733594946.797332,109.62605476379395,2AM-3AM
459,2,8,12,1733594946.90695,1733594946.797357,109.59291458129883,2AM-3AM
461,2,8,12,1733595486.909942,1733595486.800221,109.72094535827637,2AM-3AM
463,2,8,12,1733595486.909925,1733595486.800265,109.65991020202637,2AM-3AM
465,2,8,12,1733595486.909948,1733595486.800314,109.6341609954834,2AM-3AM
467,2,8,12,1733595486.909941,1733595486.800338,109.6029281616211,2AM-3AM
470,2,8,12,1733595486.919993,1733595486.800378,119.61483955383301,2AM-3AM
441,3,8,12,1733598007.010286,1733598006.830584,179.7020435333252,3AM-4AM
442,3,8,12,1733598006.900265,1733598006.830598,69.66686248779297,3AM-4AM
446,3,8,12,1733598006.970283,1733598006.830652,139.6310329437256,3AM-4AM
448,3,8,12,1733598006.970282,1733598006.830676,139.60599899291992,3AM-4AM
449,3,8,12,1733598006.970293,1733598006.830689,139.6040916442871,3AM-4AM
450,3,8,12,1733598006.970267,1733598006.830702,139.56499099731445,3AM-4AM
451,3,8,12,1733598546.95165,1733598546.832924,118.72601509094238,3AM-4AM
452,3,8,12,1733598546.951642,1733598546.832956,118.68596076965332,3AM-4AM
454,3,8,12,1733598546.951626,1733598546.832983,118.64304542541504,3AM-4AM
456,3,8,12,1733598546.951659,1733598546.833007,118.6518669128418,3AM-4AM
457,3,8,12,1733598546.951652,1733598546.833024,118.62802505493164,3AM-4AM
458,3,8,12,1733598546.951633,1733598546.833036,118.59703063964844,3AM-4AM
459,3,8,12,1733598546.951634,1733598546.833048,118.58582496643066,3AM-4AM
461,3,8,12,1733599086.974539,1733599086.834845,139.6939754486084,3AM-4AM
462,3,8,12,1733599086.974579,1733599086.834875,139.70398902893066,3AM-4AM
463,3,8,12,1733599086.974561,1733599086.834889,139.67204093933105,3AM-4AM
468,3,8,12,1733599086.964558,1733599086.834951,129.6069622039795,3AM-4AM
470,3,8,12,1733599086.974544,1733599086.834979,139.56499099731445,3AM-4AM
443,4,8,12,1733601606.990389,1733601606.870688,119.70114707946777,4AM-5AM
444,4,8,12,1733601607.000356,1733601606.870701,129.6548843383789,4AM-5AM
446,4,8,12,1733601606.990381,1733601606.87073,119.65107917785645,4AM-5AM
448,4,8,12,1733601606.990391,1733601606.870754,119.63701248168945,4AM-5AM
450,4,8,12,1733601606.990407,1733601606.870778,119.62890625,4AM-5AM
451,4,8,12,1733602146.972545,1733602146.872823,99.72190856933594,4AM-5AM
452,4,8,12,1733602146.972553,1733602146.872863,99.68996047973633,4AM-5AM
454,4,8,12,1733602146.982553,1733602146.87289,109.66300964355469,4AM-5AM
456,4,8,12,1733602146.982536,1733602146.872915,109.62104797363281,4AM-5AM
457,4,8,12,1733602146.982568,1733602146.872931,109.63702201843262,4AM-5AM
458,4,8,12,1733602146.972582,1733602146.872943,99.6391773223877,4AM-5AM
459,4,8,12,1733602146.982561,1733602146.872955,109.60602760314941,4AM-5AM
460,4,8,12,1733602146.991567,1733602146.872968,118.59893798828125,4AM-5AM
461,4,8,12,1733602687.004598,1733602686.874878,129.71997261047363,4AM-5AM
465,4,8,12,1733602687.044591,1733602686.874947,169.64387893676758,4AM-5AM
466,4,8,12,1733602687.034585,1733602686.874959,159.62600708007812,4AM-5AM
467,4,8,12,1733602687.044616,1733602686.874975,169.64101791381836,4AM-5AM
441,5,8,12,1733605207.035175,1733605206.905478,129.69708442687988,5AM-6AM
446,5,8,12,1733605207.035176,1733605206.905544,129.63199615478516,5AM-6AM
449,5,8,12,1733605207.035165,1733605206.905581,129.58407402038574,5AM-6AM
450,5,8,12,1733605207.035199,1733605206.905595,129.60386276245117,5AM-6AM
452,5,8,12,1733605746.987095,1733605746.908444,78.65118980407715,5AM-6AM
457,5,8,12,1733605747.077113,1733605746.908509,168.60389709472656,5AM-6AM
458,5,8,12,1733605746.98711,1733605746.908524,78.58586311340332,5AM-6AM
459,5,8,12,1733605746.98708,1733605746.908537,78.54318618774414,5AM-6AM
460,5,8,12,1733605747.027176,1733605746.908549,118.62683296203613,5AM-6AM
461,5,8,12,1733606286.990014,1733606286.910329,79.68497276306152,5AM-6AM
462,5,8,12,1733606286.990047,1733606286.910358,79.68902587890625,5AM-6AM
465,5,8,12,1733606286.990038,1733606286.910398,79.63991165161133,5AM-6AM
467,5,8,12,1733606286.990031,1733606286.910421,79.61010932922363,5AM-6AM
469,5,8,12,1733606287.060052,1733606286.91045,149.60193634033203,5AM-6AM
470,5,8,12,1733606286.990039,1733606286.910462,79.57720756530762,5AM-6AM
441,6,8,12,1733608807.091278,1733608806.941611,149.66702461242676,6AM-7AM
448,6,8,12,1733608807.091253,1733608806.94171,149.54304695129395,6AM-7AM
449,6,8,12,1733608807.111291,1733608806.941723,169.56782341003418,6AM-7AM
451,6,8,12,1733609347.073457,1733609346.943735,129.72211837768555,6AM-7AM
452,6,8,12,1733609347.07345,1733609346.943764,129.6861171722412,6AM-7AM
453,6,8,12,1733609347.033455,1733609346.943779,89.6759033203125,6AM-7AM
457,6,8,12,1733609347.073442,1733609346.943849,129.5928955078125,6AM-7AM
458,6,8,12,1733609347.073473,1733609346.943862,129.61101531982422,6AM-7AM
459,6,8,12,1733609347.073449,1733609346.943874,129.57501411437988,6AM-7AM
461,6,8,12,1733609887.025383,1733609886.945668,79.71501350402832,6AM-7AM
462,6,8,12,1733609887.105391,1733609886.945696,159.69491004943848,6AM-7AM
465,6,8,12,1733609887.035387,1733609886.945736,89.65110778808594,6AM-7AM
466,6,8,12,1733609887.115381,1733609886.945749,169.6319580078125,6AM-7AM
467,6,8,12,1733609887.115398,1733609886.945765,169.6329116821289,6AM-7AM
442,7,8,12,1733612407.078652,1733612406.999027,79.62489128112793,7AM-8AM
443,7,8,12,1733612407.088639,1733612406.999039,89.6000862121582,7AM-8AM
444,7,8,12,1733612407.068707,1733612406.999052,69.65494155883789,7AM-8AM
448,7,8,12,1733612407.148655,1733612406.999106,149.54900741577148,7AM-8AM
449,7,8,12,1733612407.068655,1733612406.99912,69.5350170135498,7AM-8AM
450,7,8,12,1733612407.068689,1733612406.999133,69.55599784851074,7AM-8AM
454,7,8,12,1733612947.420815,1733612947.001083,419.73209381103516,7AM-8AM
456,7,8,12,1733612947.420821,1733612947.001107,419.71397399902344,7AM-8AM
457,7,8,12,1733612947.420792,1733612947.00112,419.67201232910156,7AM-8AM
458,7,8,12,1733612947.420799,1733612947.001131,419.66795921325684,7AM-8AM
459,7,8,12,1733612947.430795,1733612947.001148,429.64696884155273,7AM-8AM
461,7,8,12,1733613487.1628,1733613487.003087,159.7130298614502,7AM-8AM
462,7,8,12,1733613487.172835,1733613487.003116,169.71921920776367,7AM-8AM
463,7,8,12,1733613487.172793,1733613487.003131,169.6619987487793,7AM-8AM
464,7,8,12,1733613487.172831,1733613487.003144,169.68703269958496,7AM-8AM
466,7,8,12,1733613487.172799,1733613487.003169,169.6300506591797,7AM-8AM
468,7,8,12,1733613487.182836,1733613487.003193,179.6431541442871,7AM-8AM
441,8,8,12,1733616006.354394,1733616006.034714,319.67997550964355,8AM-9AM
442,8,8,12,1733616006.334426,1733616006.034732,299.6938228607178,8AM-9AM
443,8,8,12,1733616006.334418,1733616006.034745,299.67308044433594,8AM-9AM
444,8,8,12,1733616006.334395,1733616006.034757,299.638032913208,8AM-9AM
446,8,8,12,1733616006.3244,1733616006.034781,289.61896896362305,8AM-9AM
448,8,8,12,1733616006.334403,1733616006.034805,299.59797859191895,8AM-9AM
449,8,8,12,1733616006.354418,1733616006.034817,319.60105895996094,8AM-9AM
451,8,8,12,1733616546.206875,1733616546.037137,169.7380542755127,8AM-9AM
454,8,8,12,1733616546.206866,1733616546.037193,169.67296600341797,8AM-9AM
456,8,8,12,1733616546.206862,1733616546.037217,169.6450710296631,8AM-9AM
457,8,8,12,1733616546.206891,1733616546.03723,169.6610450744629,8AM-9AM
458,8,8,12,1733616546.206897,1733616546.037242,169.65508460998535,8AM-9AM
459,8,8,12,1733616546.20689,1733616546.037259,169.6310043334961,8AM-9AM
460,8,8,12,1733616546.196855,1733616546.037272,159.58309173583984,8AM-9AM
461,8,8,12,1733617086.118724,1733617086.039007,79.71715927124023,8AM-9AM
462,8,8,12,1733617086.108731,1733617086.039036,69.69499588012695,8AM-9AM
464,8,8,12,1733617086.108735,1733617086.039063,69.6721076965332,8AM-9AM
465,8,8,12,1733617086.118717,1733617086.039076,79.64086532592773,8AM-9AM
467,8,8,12,1733617086.118747,1733617086.039101,79.64611053466797,8AM-9AM
440,9,8,12,1733619606.169393,1733619606.069668,99.72500801086426,9AM-10AM
442,9,8,12,1733619606.169368,1733619606.06971,99.65801239013672,9AM-10AM
443,9,8,12,1733619606.169392,1733619606.069728,99.66421127319336,9AM-10AM
446,9,8,12,1733619606.159394,1733619606.069765,89.62893486022949,9AM-10AM
447,9,8,12,1733619606.179398,1733619606.069777,109.62104797363281,9AM-10AM
448,9,8,12,1733619606.169378,1733619606.069789,99.58910942077637,9AM-10AM
449,9,8,12,1733619606.159367,1733619606.069802,89.56503868103027,9AM-10AM
451,9,8,12,1733620146.172107,1733620146.072422,99.6849536895752,9AM-10AM
454,9,8,12,1733620146.182114,1733620146.072479,109.6348762512207,9AM-10AM
456,9,8,12,1733620146.182137,1733620146.072504,109.63296890258789,9AM-10AM
457,9,8,12,1733620146.182108,1733620146.072517,109.59100723266602,9AM-10AM
458,9,8,12,1733620146.172131,1733620146.072529,99.60198402404785,9AM-10AM
461,9,8,12,1733620686.203262,1733620686.074562,128.70001792907715,9AM-10AM
462,9,8,12,1733620686.203301,1733620686.074592,128.7088394165039,9AM-10AM
463,9,8,12,1733620686.203285,1733620686.074606,128.6790370941162,9AM-10AM
465,9,8,12,1733620686.203289,1733620686.074631,128.65805625915527,9AM-10AM
467,9,8,12,1733620686.20327,1733620686.074656,128.61394882202148,9AM-10AM
451,10,8,12,1733623746.198383,1733623746.10868,89.70308303833008,10AM-11AM
452,10,8,12,1733623746.208384,1733623746.108709,99.67494010925293,10AM-11AM
454,10,8,12,1733623746.208407,1733623746.108737,99.6699333190918,10AM-11AM
456,10,8,12,1733623746.208416,1733623746.108762,99.65395927429199,10AM-11AM
457,10,8,12,1733623746.2084,1733623746.108777,99.62296485900879,10AM-11AM
458,10,8,12,1733623746.208424,1733623746.10879,99.63417053222656,10AM-11AM
459,10,8,12,1733623746.218407,1733623746.108803,109.6038818359375,10AM-11AM
461,10,8,12,1733624286.240662,1733624286.110944,129.71806526184082,10AM-11AM
464,10,8,12,1733624286.230717,1733624286.111002,119.71497535705566,10AM-11AM
466,10,8,12,1733624286.220654,1733624286.111027,109.62700843811035,10AM-11AM
467,10,8,12,1733624286.220663,1733624286.11104,109.62295532226562,10AM-11AM
470,10,8,12,1733624286.220671,1733624286.111089,109.58194732666016,10AM-11AM
441,11,8,12,1733626806.256988,1733626806.147314,109.67397689819336,11AM-12PM
442,11,8,12,1733626806.256994,1733626806.147335,109.65895652770996,11AM-12PM
443,11,8,12,1733626806.256962,1733626806.147349,109.61294174194336,11AM-12PM
444,11,8,12,1733626806.256956,1733626806.147362,109.59410667419434,11AM-12PM
446,11,8,12,1733626806.256979,1733626806.147387,109.59196090698242,11AM-12PM
448,11,8,12,1733626806.256979,1733626806.147411,109.56788063049316,11AM-12PM
449,11,8,12,1733626806.256971,1733626806.147423,109.54785346984863,11AM-12PM
450,11,8,12,1733626806.267015,1733626806.147434,119.58098411560059,11AM-12PM
454,11,8,12,1733627346.269365,1733627346.149712,119.65298652648926,11AM-12PM
458,11,8,12,1733627346.26934,1733627346.149767,119.57311630249023,11AM-12PM
464,11,8,12,1733627887.521782,1733627886.152996,1368.7858581542969,11AM-12PM
453,12,8,12,1733630946.849992,1733630946.191202,658.790111541748,12PM-1PM
454,12,8,12,1733630946.850021,1733630946.191216,658.8048934936523,12PM-1PM
456,12,8,12,1733630946.850004,1733630946.191242,658.7619781494141,12PM-1PM
457,12,8,12,1733630946.849996,1733630946.191254,658.7421894073486,12PM-1PM
469,12,8,12,1733631486.31297,1733631486.193313,119.65703964233398,12PM-1PM
440,13,8,12,1733634006.348215,1733634006.228452,119.76313591003418,1PM-2PM
444,13,8,12,1733634006.358179,1733634006.228524,129.655122756958,1PM-2PM
448,13,8,12,1733634006.388178,1733634006.228578,159.60001945495605,1PM-2PM
450,13,8,12,1733634006.368165,1733634006.228605,139.55998420715332,1PM-2PM
454,13,8,12,1733634546.361292,1733634546.231709,129.58288192749023,1PM-2PM
456,13,8,12,1733634546.411286,1733634546.231739,179.54707145690918,1PM-2PM
457,13,8,12,1733634546.361313,1733634546.231753,129.55999374389648,1PM-2PM
459,13,8,12,1733634546.401322,1733634546.231786,169.53587532043457,1PM-2PM
463,13,8,12,1733635086.372854,1733635086.233223,139.6310329437256,1PM-2PM
464,13,8,12,1733635086.462889,1733635086.233237,229.65192794799805,1PM-2PM
465,13,8,12,1733635086.462891,1733635086.233254,229.63714599609375,1PM-2PM
466,13,8,12,1733635086.462898,1733635086.233266,229.63190078735352,1PM-2PM
444,14,8,12,1733637606.400796,1733637606.271136,129.65989112854004,2PM-3PM
446,14,8,12,1733637606.380778,1733637606.271161,109.61699485778809,2PM-3PM
448,14,8,12,1733637606.400788,1733637606.27119,129.59814071655273,2PM-3PM
449,14,8,12,1733637606.829873,1733637606.271202,558.6709976196289,2PM-3PM
450,14,8,12,1733637606.799854,1733637606.271214,528.6400318145752,2PM-3PM
454,14,8,12,1733638147.792865,1733638146.272938,1519.9270248413086,2PM-3PM
456,14,8,12,1733638147.612916,1733638146.272967,1339.9488925933838,2PM-3PM
461,14,8,12,1733638686.395026,1733638686.276356,118.66998672485352,2PM-3PM
463,14,8,12,1733638686.365933,1733638686.276413,89.51997756958008,2PM-3PM
465,14,8,12,1733638686.57497,1733638686.276438,298.53200912475586,2PM-3PM
468,14,8,12,1733638693.405551,1733638686.276481,7129.070043563843,2PM-3PM
442,15,8,12,1733641206.430727,1733641206.311012,119.71497535705566,3PM-4PM
443,15,8,12,1733641206.400632,1733641206.311025,89.60700035095215,3PM-4PM
444,15,8,12,1733641206.410674,1733641206.311038,99.63607788085938,3PM-4PM
446,15,8,12,1733641206.400648,1733641206.311062,89.58601951599121,3PM-4PM
448,15,8,12,1733641206.430735,1733641206.311087,119.64821815490723,3PM-4PM
449,15,8,12,1733641206.41065,1733641206.311103,99.54690933227539,3PM-4PM
450,15,8,12,1733641206.400665,1733641206.311116,89.54906463623047,3PM-4PM
451,15,8,12,1733641746.443312,1733641746.313617,129.69493865966797,3PM-4PM
453,15,8,12,1733641746.413302,1733641746.313662,99.639892578125,3PM-4PM
456,15,8,12,1733641746.443296,1733641746.313702,129.5938491821289,3PM-4PM
458,15,8,12,1733641746.443298,1733641746.313726,129.57215309143066,3PM-4PM
461,15,8,12,1733642286.485642,1733642286.315993,169.6488857269287,3PM-4PM
464,15,8,12,1733642292.526087,1733642286.316056,6210.031032562256,3PM-4PM
465,15,8,12,1733642286.415646,1733642286.316069,99.57718849182129,3PM-4PM
466,15,8,12,1733642286.4357,1733642286.316082,119.61793899536133,3PM-4PM
440,16,8,12,1733644807.143166,1733644806.353324,789.8421287536621,4PM-5PM
442,16,8,12,1733644806.463033,1733644806.35337,109.66300964355469,4PM-5PM
443,16,8,12,1733644806.723066,1733644806.353382,369.68398094177246,4PM-5PM
444,16,8,12,1733644806.463002,1733644806.353395,109.60698127746582,4PM-5PM
446,16,8,12,1733644806.45302,1733644806.353421,99.59912300109863,4PM-5PM
448,16,8,12,1733644807.793334,1733644806.353449,1439.884901046753,4PM-5PM
449,16,8,12,1733644806.453012,1733644806.353462,99.55000877380371,4PM-5PM
451,16,8,12,1733645346.435673,1733645346.355851,79.82206344604492,4PM-5PM
452,16,8,12,1733645346.435656,1733645346.355887,79.76913452148438,4PM-5PM
453,16,8,12,1733645346.495753,1733645346.355901,139.85204696655273,4PM-5PM
456,16,8,12,1733645346.475662,1733645346.355944,119.71807479858398,4PM-5PM
457,16,8,12,1733645346.465655,1733645346.355956,109.69901084899902,4PM-5PM
458,16,8,12,1733645346.544991,1733645346.355969,189.02206420898438,4PM-5PM
460,16,8,12,1733645346.435641,1733645346.355994,79.64706420898438,4PM-5PM
461,16,8,12,1733645886.477786,1733645886.358041,119.74501609802246,4PM-5PM
462,16,8,12,1733645886.477794,1733645886.35807,119.72403526306152,4PM-5PM
463,16,8,12,1733645886.477772,1733645886.358085,119.68708038330078,4PM-5PM
464,16,8,12,1733645886.477806,1733645886.358109,119.69709396362305,4PM-5PM
465,16,8,12,1733645886.47778,1733645886.358122,119.65799331665039,4PM-5PM
466,16,8,12,1733645886.477778,1733645886.358135,119.64297294616699,4PM-5PM
467,16,8,12,1733645886.477802,1733645886.358148,119.65394020080566,4PM-5PM
468,16,8,12,1733645886.477809,1733645886.358164,119.6448802947998,4PM-5PM
441,17,8,12,1733648406.499475,1733648406.389809,109.66610908508301,5PM-6PM
442,17,8,12,1733648406.529462,1733648406.389824,139.63818550109863,5PM-6PM
443,17,8,12,1733648406.489458,1733648406.389836,99.62201118469238,5PM-6PM
444,17,8,12,1733648406.529489,1733648406.389849,139.64009284973145,5PM-6PM
446,17,8,12,1733648406.52947,1733648406.389873,139.59693908691406,5PM-6PM
448,17,8,12,1733648406.489467,1733648406.389902,99.56479072570801,5PM-6PM
449,17,8,12,1733648406.529504,1733648406.389915,139.5890712738037,5PM-6PM
450,17,8,12,1733648406.529471,1733648406.389927,139.54401016235352,5PM-6PM
451,17,8,12,1733648946.490833,1733648946.392145,98.68812561035156,5PM-6PM
453,17,8,12,1733648946.530846,1733648946.392193,138.65303993225098,5PM-6PM
457,17,8,12,1733648946.490824,1733648946.392244,98.57988357543945,5PM-6PM
458,17,8,12,1733648946.590844,1733648946.392256,198.58789443969727,5PM-6PM
459,17,8,12,1733648946.490831,1733648946.392268,98.56295585632324,5PM-6PM
462,17,8,12,1733649486.533926,1733649486.394219,139.70708847045898,5PM-6PM
465,17,8,12,1733649486.54389,1733649486.394258,149.63197708129883,5PM-6PM
466,17,8,12,1733649486.533905,1733649486.394271,139.6341323852539,5PM-6PM
467,17,8,12,1733649486.533894,1733649486.394283,139.61100578308105,5PM-6PM
468,17,8,12,1733649486.483899,1733649486.394299,89.6000862121582,5PM-6PM
470,17,8,12,1733649486.523878,1733649486.394323,129.55498695373535,5PM-6PM
441,18,8,12,1733652006.524688,1733652006.425054,99.63393211364746,6PM-7PM
442,18,8,12,1733652006.524719,1733652006.425069,99.64990615844727,6PM-7PM
443,18,8,12,1733652006.514693,1733652006.425081,89.61200714111328,6PM-7PM
444,18,8,12,1733652006.514712,1733652006.425093,89.61915969848633,6PM-7PM
446,18,8,12,1733652006.564716,1733652006.425118,139.59813117980957,6PM-7PM
448,18,8,12,1733652006.524695,1733652006.425146,99.5488166809082,6PM-7PM
450,18,8,12,1733652006.564707,1733652006.42517,139.53709602355957,6PM-7PM
452,18,8,12,1733652546.507246,1733652546.427593,79.65302467346191,6PM-7PM
454,18,8,12,1733652546.607268,1733652546.427623,179.64506149291992,6PM-7PM
457,18,8,12,1733652546.50723,1733652546.427661,79.56910133361816,6PM-7PM
458,18,8,12,1733652546.607251,1733652546.427673,179.57782745361328,6PM-7PM
459,18,8,12,1733652546.607275,1733652546.42769,179.58498001098633,6PM-7PM
460,18,8,12,1733652546.577279,1733652546.427703,149.57618713378906,6PM-7PM
461,18,8,12,1733653086.53972,1733653086.430008,109.71212387084961,6PM-7PM
462,18,8,12,1733653086.539704,1733653086.430041,109.66300964355469,6PM-7PM
464,18,8,12,1733653086.579704,1733653086.430069,149.63507652282715,6PM-7PM
465,18,8,12,1733653086.539705,1733653086.430082,109.62295532226562,6PM-7PM
466,18,8,12,1733653086.549761,1733653086.430094,119.66705322265625,6PM-7PM
467,18,8,12,1733653086.539721,1733653086.430106,109.61508750915527,6PM-7PM
470,18,8,12,1733653086.589716,1733653086.430148,159.56807136535645,6PM-7PM
441,19,8,12,1733655606.561137,1733655606.461496,99.6408462524414,7PM-8PM
443,19,8,12,1733655606.551149,1733655606.461523,89.62583541870117,7PM-8PM
444,19,8,12,1733655606.621196,1733655606.461535,159.66105461120605,7PM-8PM
446,19,8,12,1733655606.581195,1733655606.461559,119.63605880737305,7PM-8PM
450,19,8,12,1733655607.151281,1733655606.461618,689.6631717681885,7PM-8PM
451,19,8,12,1733656146.553879,1733656146.46416,89.71905708312988,7PM-8PM
452,19,8,12,1733656146.553871,1733656146.464204,89.66684341430664,7PM-8PM
454,19,8,12,1733656146.553864,1733656146.464232,89.63203430175781,7PM-8PM
456,19,8,12,1733656146.553856,1733656146.464256,89.5998477935791,7PM-8PM
457,19,8,12,1733656146.563883,1733656146.464288,99.5950698852539,7PM-8PM
458,19,8,12,1733656146.553887,1733656146.464305,89.58196640014648,7PM-8PM
462,19,8,12,1733656688.935258,1733656686.466101,2469.1569805145264,7PM-8PM
464,19,8,12,1733656686.555748,1733656686.466128,89.61987495422363,7PM-8PM
466,19,8,12,1733656686.565751,1733656686.466153,99.59816932678223,7PM-8PM
467,19,8,12,1733656689.635417,1733656686.46617,3169.2469120025635,7PM-8PM
470,19,8,12,1733656686.62578,1733656686.466207,159.57307815551758,7PM-8PM
441,20,8,12,1733659206.666868,1733659206.497175,169.6929931640625,8PM-9PM
442,20,8,12,1733659206.656879,1733659206.49719,159.68894958496094,8PM-9PM
444,20,8,12,1733659206.656887,1733659206.497215,159.67202186584473,8PM-9PM
448,20,8,12,1733659206.656866,1733659206.497263,159.60311889648438,8PM-9PM
454,20,8,12,1733659746.609838,1733659746.50021,109.62796211242676,8PM-9PM
456,20,8,12,1733659746.609864,1733659746.500235,109.62891578674316,8PM-9PM
457,20,8,12,1733659746.609831,1733659746.500248,109.58313941955566,8PM-9PM
458,20,8,12,1733659746.609856,1733659746.50026,109.59577560424805,8PM-9PM
461,20,8,12,1733660286.631803,1733660286.5021,129.70304489135742,8PM-9PM
462,20,8,12,1733660288.431204,1733660286.502131,1929.0730953216553,8PM-9PM
464,20,8,12,1733660287.291924,1733660286.502159,789.7648811340332,8PM-9PM
465,20,8,12,1733660286.691869,1733660286.502171,189.6979808807373,8PM-9PM
467,20,8,12,1733660286.731822,1733660286.502195,229.62713241577148,8PM-9PM
470,20,8,12,1733660286.651814,1733660286.502236,149.57809448242188,8PM-9PM
440,21,8,12,1733662806.663106,1733662806.533375,129.7309398651123,9PM-10PM
442,21,8,12,1733662806.65314,1733662806.53342,119.7199821472168,9PM-10PM
443,21,8,12,1733662806.653117,1733662806.533433,119.68398094177246,9PM-10PM
444,21,8,12,1733662806.64309,1733662806.533446,109.64393615722656,9PM-10PM
448,21,8,12,1733662806.653132,1733662806.533501,119.63105201721191,9PM-10PM
450,21,8,12,1733662806.653133,1733662806.533527,119.60601806640625,9PM-10PM
451,21,8,12,1733663346.635701,1733663346.535987,99.71404075622559,9PM-10PM
452,21,8,12,1733663346.725739,1733663346.536019,189.71991539001465,9PM-10PM
454,21,8,12,1733663346.635716,1733663346.536048,99.66802597045898,9PM-10PM
456,21,8,12,1733663346.665717,1733663346.536073,129.64391708374023,9PM-10PM
457,21,8,12,1733663346.695727,1733663346.53609,159.6372127532959,9PM-10PM
458,21,8,12,1733663346.685712,1733663346.53612,149.59216117858887,9PM-10PM
459,21,8,12,1733663346.635704,1733663346.536133,99.57098960876465,9PM-10PM
460,21,8,12,1733663346.665733,1733663346.536145,129.58812713623047,9PM-10PM
462,21,8,12,1733663886.657831,1733663886.538076,119.75502967834473,9PM-10PM
463,21,8,12,1733663886.647748,1733663886.538091,109.65704917907715,9PM-10PM
464,21,8,12,1733663886.65785,1733663886.538105,119.74501609802246,9PM-10PM
465,21,8,12,1733663886.657842,1733663886.538117,119.72498893737793,9PM-10PM
467,21,8,12,1733663886.657813,1733663886.538141,119.67206001281738,9PM-10PM
468,21,8,12,1733663888.827244,1733663886.538157,2289.0870571136475,9PM-10PM
441,22,8,12,1733666408.362274,1733666406.573191,1789.0830039978027,10PM-11PM
442,22,8,12,1733666406.652847,1733666406.573207,79.64015007019043,10PM-11PM
443,22,8,12,1733666406.78287,1733666406.573221,209.64908599853516,10PM-11PM
444,22,8,12,1733666407.161933,1733666406.573234,588.6988639831543,10PM-11PM
446,22,8,12,1733666406.65284,1733666406.573258,79.58197593688965,10PM-11PM
448,22,8,12,1733666409.082366,1733666406.573282,2509.0839862823486,10PM-11PM
449,22,8,12,1733666406.692932,1733666406.573295,119.63677406311035,10PM-11PM
450,22,8,12,1733666406.942878,1733666406.57331,369.5681095123291,10PM-11PM
451,22,8,12,1733666946.675237,1733666946.575557,99.67994689941406,10PM-11PM
454,22,8,12,1733666946.734278,1733666946.575617,158.660888671875,10PM-11PM
458,22,8,12,1733666946.804324,1733666946.575666,228.65796089172363,10PM-11PM
459,22,8,12,1733666946.675251,1733666946.575679,99.57194328308105,10PM-11PM
462,22,8,12,1733667486.757108,1733667486.577415,179.69298362731934,10PM-11PM
464,22,8,12,1733667486.697102,1733667486.577442,119.6601390838623,10PM-11PM
465,22,8,12,1733667486.697083,1733667486.577455,119.6279525756836,10PM-11PM
442,23,8,12,1733670006.690526,1733670006.610904,79.62203025817871,11PM-12AM
443,23,8,12,1733670006.690551,1733670006.610918,79.63299751281738,11PM-12AM
444,23,8,12,1733670007.41016,1733670006.610931,799.2291450500488,11PM-12AM
446,23,8,12,1733670006.730626,1733670006.610956,119.67015266418457,11PM-12AM
448,23,8,12,1733670006.730592,1733670006.610981,119.61102485656738,11PM-12AM
449,23,8,12,1733670006.69054,1733670006.610997,79.5431137084961,11PM-12AM
450,23,8,12,1733670006.730635,1733670006.61101,119.62485313415527,11PM-12AM
451,23,8,12,1733670546.712917,1733670546.613211,99.70617294311523,11PM-12AM
457,23,8,12,1733670546.712906,1733670546.613321,99.58481788635254,11PM-12AM
458,23,8,12,1733670546.712939,1733670546.613333,99.60603713989258,11PM-12AM
459,23,8,12,1733670546.722923,1733670546.613346,109.57694053649902,11PM-12AM
461,23,8,12,1733671086.725091,1733671086.615383,109.70807075500488,11PM-12AM
462,23,8,12,1733671086.70506,1733671086.615414,89.6461009979248,11PM-12AM
464,23,8,12,1733671086.705076,1733671086.61544,89.63608741760254,11PM-12AM
467,23,8,12,1733671086.705087,1733671086.615477,89.60986137390137,11PM-12AM
470,23,8,12,1733671086.7251,1733671086.615518,109.58194732666016,11PM-12AM
451,0,9,12,1733674146.78291,1733674146.653211,129.6989917755127,12AM-1AM
453,0,9,12,1733674146.832928,1733674146.653255,179.6729564666748,12AM-1AM
454,0,9,12,1733674146.782895,1733674146.653268,129.62698936462402,12AM-1AM
457,0,9,12,1733674146.792895,1733674146.653308,139.5871639251709,12AM-1AM
459,0,9,12,1733674146.78291,1733674146.653333,129.5771598815918,12AM-1AM
461,0,9,12,1733674686.765047,1733674686.656383,108.66403579711914,12AM-1AM
463,0,9,12,1733674686.765046,1733674686.656429,108.61682891845703,12AM-1AM
465,0,9,12,1733674686.765055,1733674686.656454,108.60085487365723,12AM-1AM
466,0,9,12,1733674686.765054,1733674686.656467,108.58702659606934,12AM-1AM
469,0,9,12,1733674686.805074,1733674686.656508,148.56600761413574,12AM-1AM
470,0,9,12,1733674686.825069,1733674686.65652,168.5490608215332,12AM-1AM
440,1,9,12,1733677206.820478,1733677206.690763,129.7149658203125,1AM-2AM
441,1,9,12,1733677206.859472,1733677206.690794,168.67804527282715,1AM-2AM
442,1,9,12,1733677206.859479,1733677206.690809,168.6699390411377,1AM-2AM
444,1,9,12,1733677206.859498,1733677206.690834,168.66397857666016,1AM-2AM
446,1,9,12,1733677206.869486,1733677206.690873,178.61318588256836,1AM-2AM
451,1,9,12,1733677746.772353,1733677746.692628,79.72502708435059,1AM-2AM
452,1,9,12,1733677746.772345,1733677746.692657,79.68807220458984,1AM-2AM
453,1,9,12,1733677746.782364,1733677746.692672,89.6918773651123,1AM-2AM
454,1,9,12,1733677746.772369,1733677746.692685,79.68401908874512,1AM-2AM
456,1,9,12,1733677746.772337,1733677746.69271,79.62703704833984,1AM-2AM
457,1,9,12,1733677746.782371,1733677746.692722,89.64896202087402,1AM-2AM
458,1,9,12,1733677746.852346,1733677746.692734,159.61194038391113,1AM-2AM
461,1,9,12,1733678286.814545,1733678286.694812,119.73285675048828,1AM-2AM
462,1,9,12,1733678286.804497,1733678286.694843,109.65394973754883,1AM-2AM
463,1,9,12,1733678286.814512,1733678286.694857,119.65513229370117,1AM-2AM
466,1,9,12,1733678286.804481,1733678286.694895,109.58600044250488,1AM-2AM
467,1,9,12,1733678286.804505,1733678286.694912,109.59315299987793,1AM-2AM
470,1,9,12,1733678286.814544,1733678286.694948,119.59600448608398,1AM-2AM
442,2,9,12,1733680806.826328,1733680806.726645,99.68304634094238,2AM-3AM
444,2,9,12,1733680806.826287,1733680806.726671,99.61605072021484,2AM-3AM
446,2,9,12,1733680806.826313,1733680806.726697,99.61605072021484,2AM-3AM
448,2,9,12,1733680806.826319,1733680806.72674,99.5790958404541,2AM-3AM
449,2,9,12,1733680806.826303,1733680806.726754,99.5490550994873,2AM-3AM
454,2,9,12,1733681346.839322,1733681346.729666,109.65609550476074,2AM-3AM
456,2,9,12,1733681346.839292,1733681346.729694,109.59815979003906,2AM-3AM
457,2,9,12,1733681346.839292,1733681346.729707,109.58504676818848,2AM-3AM
458,2,9,12,1733681346.839285,1733681346.729723,109.56192016601562,2AM-3AM
459,2,9,12,1733681346.839315,1733681346.729736,109.57884788513184,2AM-3AM
460,2,9,12,1733681346.829313,1733681346.729748,99.56502914428711,2AM-3AM
461,2,9,12,1733681886.841449,1733681886.731734,109.71498489379883,2AM-3AM
462,2,9,12,1733681886.850432,1733681886.73177,118.66188049316406,2AM-3AM
463,2,9,12,1733681886.841441,1733681886.731785,109.65585708618164,2AM-3AM
465,2,9,12,1733681886.841465,1733681886.73181,109.65490341186523,2AM-3AM
466,2,9,12,1733681886.841433,1733681886.731822,109.61103439331055,2AM-3AM
467,2,9,12,1733681886.841443,1733681886.731834,109.60912704467773,2AM-3AM
470,2,9,12,1733681886.850449,1733681886.731873,118.5760498046875,2AM-3AM
441,3,9,12,1733684406.862381,1733684406.7627,99.68090057373047,3AM-4AM
442,3,9,12,1733684406.862366,1733684406.762718,99.64799880981445,3AM-4AM
443,3,9,12,1733684406.862349,1733684406.762731,99.61795806884766,3AM-4AM
446,3,9,12,1733684406.862389,1733684406.762767,99.62201118469238,3AM-4AM
450,3,9,12,1733684406.862374,1733684406.762816,99.55811500549316,3AM-4AM
454,3,9,12,1733684946.924307,1733684946.765638,158.66899490356445,3AM-4AM
456,3,9,12,1733684946.834285,1733684946.765667,68.6180591583252,3AM-4AM
458,3,9,12,1733684946.824346,1733684946.765704,58.64214897155762,3AM-4AM
460,3,9,12,1733684946.834293,1733684946.76573,68.56298446655273,3AM-4AM
461,3,9,12,1733685486.836744,1733685486.767049,69.69499588012695,3AM-4AM
463,3,9,12,1733685486.836703,1733685486.767094,69.60916519165039,3AM-4AM
464,3,9,12,1733685486.946758,1733685486.767106,179.65197563171387,3AM-4AM
466,3,9,12,1733685486.836734,1733685486.767135,69.59915161132812,3AM-4AM
467,3,9,12,1733685486.946765,1733685486.767148,179.61692810058594,3AM-4AM
440,4,9,12,1733688006.899425,1733688006.799694,99.7309684753418,4AM-5AM
441,4,9,12,1733688006.929412,1733688006.799725,129.68683242797852,4AM-5AM
442,4,9,12,1733688006.929396,1733688006.799739,129.65703010559082,4AM-5AM
444,4,9,12,1733688006.929427,1733688006.799764,129.66299057006836,4AM-5AM
446,4,9,12,1733688006.929419,1733688006.799794,129.6250820159912,4AM-5AM
449,4,9,12,1733688006.929396,1733688006.799845,129.55093383789062,4AM-5AM
450,4,9,12,1733688006.929428,1733688006.799859,129.56905364990234,4AM-5AM
454,4,9,12,1733688546.911751,1733688546.802101,109.6501350402832,4AM-5AM
456,4,9,12,1733688546.911733,1733688546.802126,109.60698127746582,4AM-5AM
458,4,9,12,1733688546.91174,1733688546.80215,109.59005355834961,4AM-5AM
459,4,9,12,1733688546.911743,1733688546.802166,109.57694053649902,4AM-5AM
461,4,9,12,1733689086.873769,1733689086.804091,69.67806816101074,4AM-5AM
462,4,9,12,1733689086.873784,1733689086.804121,69.66304779052734,4AM-5AM
464,4,9,12,1733689086.883778,1733689086.80415,79.62799072265625,4AM-5AM
466,4,9,12,1733689086.873794,1733689086.804176,69.61798667907715,4AM-5AM
467,4,9,12,1733689086.883801,1733689086.804192,79.60891723632812,4AM-5AM
470,4,9,12,1733689086.883793,1733689086.804229,79.56409454345703,4AM-5AM
440,5,9,12,1733691606.925754,1733691606.836069,89.68496322631836,5AM-6AM
441,5,9,12,1733691606.915771,1733691606.8361,79.67090606689453,5AM-6AM
442,5,9,12,1733691606.915762,1733691606.836115,79.64706420898438,5AM-6AM
443,5,9,12,1733691606.915785,1733691606.836128,79.65707778930664,5AM-6AM
444,5,9,12,1733691606.915753,1733691606.836141,79.61177825927734,5AM-6AM
448,5,9,12,1733691606.915753,1733691606.83619,79.56290245056152,5AM-6AM
449,5,9,12,1733691606.91577,1733691606.836207,79.56314086914062,5AM-6AM
452,5,9,12,1733692146.957692,1733692146.837955,119.73690986633301,5AM-6AM
453,5,9,12,1733692146.917633,1733692146.837971,79.66208457946777,5AM-6AM
454,5,9,12,1733692146.957692,1733692146.837984,119.70782279968262,5AM-6AM
456,5,9,12,1733692146.957715,1733692146.838009,119.7059154510498,5AM-6AM
457,5,9,12,1733692146.957683,1733692146.838027,119.65608596801758,5AM-6AM
459,5,9,12,1733692146.957676,1733692146.838052,119.62389945983887,5AM-6AM
460,5,9,12,1733692146.907646,1733692146.838065,69.5810317993164,5AM-6AM
463,5,9,12,1733692686.979805,1733692686.840131,139.67394828796387,5AM-6AM
465,5,9,12,1733692686.979804,1733692686.840156,139.6479606628418,5AM-6AM
466,5,9,12,1733692686.909784,1733692686.840169,69.61512565612793,5AM-6AM
467,5,9,12,1733692686.979811,1733692686.840182,139.62888717651367,5AM-6AM
470,5,9,12,1733692686.979773,1733692686.840223,139.54997062683105,5AM-6AM
441,6,9,12,1733695206.95075,1733695206.871041,79.70905303955078,6AM-7AM
442,6,9,12,1733695206.950715,1733695206.871066,79.64897155761719,6AM-7AM
443,6,9,12,1733695206.950733,1733695206.871079,79.65397834777832,6AM-7AM
446,6,9,12,1733695206.960737,1733695206.871117,89.61987495422363,6AM-7AM
450,6,9,12,1733695206.950758,1733695206.87117,79.58793640136719,6AM-7AM
451,6,9,12,1733695746.94346,1733695746.873748,69.71192359924316,6AM-7AM
452,6,9,12,1733695747.003453,1733695746.873778,129.67491149902344,6AM-7AM
454,6,9,12,1733695746.943446,1733695746.873807,69.63896751403809,6AM-7AM
455,6,9,12,1733695747.023471,1733695746.87382,149.65105056762695,6AM-7AM
456,6,9,12,1733695747.003467,1733695746.873832,129.63509559631348,6AM-7AM
457,6,9,12,1733695747.013488,1733695746.873844,139.64414596557617,6AM-7AM
461,6,9,12,1733696287.005427,1733696286.875711,129.7159194946289,6AM-7AM
462,6,9,12,1733696287.005506,1733696286.875742,129.76408004760742,6AM-7AM
463,6,9,12,1733696287.005514,1733696286.875757,129.75692749023438,6AM-7AM
464,6,9,12,1733696287.005478,1733696286.87577,129.70781326293945,6AM-7AM
465,6,9,12,1733696287.005486,1733696286.875782,129.70399856567383,6AM-7AM
466,6,9,12,1733696287.005446,1733696286.875795,129.65106964111328,6AM-7AM
467,6,9,12,1733696287.005462,1733696286.875807,129.6548843383789,6AM-7AM
442,7,9,12,1733698807.014269,1733698806.914619,99.65014457702637,7AM-8AM
443,7,9,12,1733698807.014269,1733698806.914633,99.63607788085938,7AM-8AM
446,7,9,12,1733698807.01426,1733698806.91467,99.59006309509277,7AM-8AM
447,7,9,12,1733698806.994274,1733698806.914683,79.5907974243164,7AM-8AM
448,7,9,12,1733698807.014277,1733698806.914695,99.58195686340332,7AM-8AM
451,7,9,12,1733699346.987129,1733699346.917447,69.68188285827637,7AM-8AM
452,7,9,12,1733699346.987175,1733699346.917477,69.69809532165527,7AM-8AM
454,7,9,12,1733699346.98718,1733699346.917505,69.67496871948242,7AM-8AM
456,7,9,12,1733699346.987137,1733699346.91753,69.60701942443848,7AM-8AM
458,7,9,12,1733699346.987157,1733699346.917559,69.59819793701172,7AM-8AM
459,7,9,12,1733699346.987158,1733699346.917573,69.58508491516113,7AM-8AM
460,7,9,12,1733699346.997138,1733699346.917585,79.55312728881836,7AM-8AM
461,7,9,12,1733699887.039357,1733699886.919603,119.75383758544922,7AM-8AM
462,7,9,12,1733699887.04933,1733699886.919635,129.69493865966797,7AM-8AM
463,7,9,12,1733699887.03938,1733699886.919654,119.72618103027344,7AM-8AM
465,7,9,12,1733699887.049335,1733699886.919679,129.6560764312744,7AM-8AM
466,7,9,12,1733699887.049316,1733699886.919691,129.6248435974121,7AM-8AM
467,7,9,12,1733699887.049339,1733699886.919705,129.63414192199707,7AM-8AM
440,8,9,12,1733702407.070635,1733702406.95089,119.74501609802246,8AM-9AM
441,8,9,12,1733702407.060583,1733702406.95092,109.66300964355469,8AM-9AM
442,8,9,12,1733702407.050593,1733702406.950934,99.65896606445312,8AM-9AM
446,8,9,12,1733702407.060609,1733702406.950983,109.62605476379395,8AM-9AM
448,8,9,12,1733702407.060583,1733702406.951006,109.57717895507812,8AM-9AM
450,8,9,12,1733702407.050607,1733702406.951035,99.57194328308105,8AM-9AM
451,8,9,12,1733702947.083623,1733702946.953915,129.70781326293945,8AM-9AM
453,8,9,12,1733702947.063599,1733702946.953961,109.63821411132812,8AM-9AM
458,8,9,12,1733702947.083629,1733702946.954041,129.58788871765137,8AM-9AM
459,8,9,12,1733702947.0936,1733702946.954055,139.54496383666992,8AM-9AM
461,8,9,12,1733703487.04578,1733703486.956076,89.70403671264648,8AM-9AM
462,8,9,12,1733703487.055784,1733703486.956105,99.67899322509766,8AM-9AM
463,8,9,12,1733703487.045764,1733703486.956121,89.64300155639648,8AM-9AM
464,8,9,12,1733703487.055775,1733703486.956134,99.6408462524414,8AM-9AM
465,8,9,12,1733703487.055767,1733703486.956146,99.62105751037598,8AM-9AM
467,8,9,12,1733703487.045772,1733703486.956171,89.60103988647461,8AM-9AM
469,8,9,12,1733703487.055784,1733703486.956195,99.58887100219727,8AM-9AM
470,8,9,12,1733703487.055776,1733703486.956215,99.56097602844238,8AM-9AM
444,9,9,12,1733706007.086977,1733706006.987326,99.65109825134277,9AM-10AM
446,9,9,12,1733706008.237407,1733706006.987351,1250.0560283660889,9AM-10AM
447,9,9,12,1733706007.066989,1733706006.987364,79.62489128112793,9AM-10AM
449,9,9,12,1733706007.086988,1733706006.987392,99.59602355957031,9AM-10AM
451,9,9,12,1733706547.069777,1733706546.99007,79.70690727233887,9AM-10AM
452,9,9,12,1733706547.079755,1733706546.990099,89.65611457824707,9AM-10AM
454,9,9,12,1733706547.079779,1733706546.990125,89.65396881103516,9AM-10AM
457,9,9,12,1733706547.079781,1733706546.990166,89.6151065826416,9AM-10AM
458,9,9,12,1733706547.079767,1733706546.990178,89.58888053894043,9AM-10AM
462,9,9,12,1733707087.082103,1733707086.992454,89.64896202087402,9AM-10AM
463,9,9,12,1733707087.082081,1733707086.992468,89.61296081542969,9AM-10AM
465,9,9,12,1733707087.082099,1733707086.992493,89.60604667663574,9AM-10AM
466,9,9,12,1733707087.072082,1733707086.992506,79.57601547241211,9AM-10AM
467,9,9,12,1733707087.072068,1733707086.992522,79.54597473144531,9AM-10AM
468,9,9,12,1733707090.461868,1733707086.992535,3469.3329334259033,9AM-10AM
469,9,9,12,1733707087.112164,1733707086.992547,119.61698532104492,9AM-10AM
470,9,9,12,1733707087.082111,1733707086.99256,89.55097198486328,9AM-10AM
441,10,9,12,1733709606.174615,1733709606.024896,149.7189998626709,10AM-11AM
444,10,9,12,1733709606.174597,1733709606.024935,149.66201782226562,10AM-11AM
446,10,9,12,1733709606.174584,1733709606.024964,149.61981773376465,10AM-11AM
448,10,9,12,1733709606.164574,1733709606.02499,139.58382606506348,10AM-11AM
449,10,9,12,1733709606.174614,1733709606.025002,149.6119499206543,10AM-11AM
451,10,9,12,1733710151.786321,1733710146.02724,5759.08088684082,10AM-11AM
452,10,9,12,1733710146.18694,1733710146.027271,159.6689224243164,10AM-11AM
457,10,9,12,1733710152.426064,1733710146.027337,6398.726940155029,10AM-11AM
459,10,9,12,1733710151.896719,1733710146.027362,5869.356870651245,10AM-11AM
462,10,9,12,1733710686.139709,1733710686.030051,109.65800285339355,10AM-11AM
463,10,9,12,1733710686.129738,1733710686.030066,99.67207908630371,10AM-11AM
464,10,9,12,1733710686.139726,1733710686.030079,109.64703559875488,10AM-11AM
465,10,9,12,1733710686.169755,1733710686.030101,139.65392112731934,10AM-11AM
466,10,9,12,1733710686.139734,1733710686.030113,109.62104797363281,10AM-11AM
467,10,9,12,1733710686.139724,1733710686.03013,109.59410667419434,10AM-11AM
469,10,9,12,1733710686.129715,1733710686.030154,99.56097602844238,10AM-11AM
442,11,9,12,1733713206.141831,1733713206.062186,79.64491844177246,11AM-12PM
443,11,9,12,1733713206.141855,1733713206.062199,79.65588569641113,11AM-12PM
444,11,9,12,1733713206.131166,1733713206.062214,68.95208358764648,11AM-12PM
446,11,9,12,1733713206.251919,1733713206.062243,189.67604637145996,11AM-12PM
448,11,9,12,1733713206.141862,1733713206.062268,79.59389686584473,11AM-12PM
450,11,9,12,1733713206.141847,1733713206.062293,79.55384254455566,11AM-12PM
451,11,9,12,1733713746.143667,1733713746.063972,79.69498634338379,11AM-12PM
454,11,9,12,1733713746.143668,1733713746.064032,79.6358585357666,11AM-12PM
456,11,9,12,1733713746.203687,1733713746.064057,139.62984085083008,11AM-12PM
459,11,9,12,1733713746.143659,1733713746.064094,79.56504821777344,11AM-12PM
465,11,9,12,1733714286.186061,1733714286.066356,119.7049617767334,11AM-12PM
441,12,9,12,1733716806.168213,1733716806.098551,69.66185569763184,12PM-1PM
443,12,9,12,1733716806.208212,1733716806.098579,109.63296890258789,12PM-1PM
444,12,9,12,1733716806.268222,1733716806.098592,169.6300506591797,12PM-1PM
446,12,9,12,1733716806.258248,1733716806.098622,159.62600708007812,12PM-1PM
448,12,9,12,1733716806.168206,1733716806.098647,69.55885887145996,12PM-1PM
449,12,9,12,1733716806.258231,1733716806.098658,159.57283973693848,12PM-1PM
451,12,9,12,1733717346.180121,1733717346.100446,79.67495918273926,12PM-1PM
454,12,9,12,1733717346.180113,1733717346.100505,79.60796356201172,12PM-1PM
456,12,9,12,1733717346.18013,1733717346.100531,79.59890365600586,12PM-1PM
457,12,9,12,1733717346.180104,1733717346.100547,79.55694198608398,12PM-1PM
458,12,9,12,1733717346.180146,1733717346.10056,79.58602905273438,12PM-1PM
459,12,9,12,1733717346.180122,1733717346.100573,79.54883575439453,12PM-1PM
461,12,9,12,1733717886.18298,1733717886.103302,79.67805862426758,12PM-1PM
462,12,9,12,1733717886.182972,1733717886.10333,79.64205741882324,12PM-1PM
463,12,9,12,1733717886.182996,1733717886.103346,79.6499252319336,12PM-1PM
464,12,9,12,1733717886.182988,1733717886.103359,79.62894439697266,12PM-1PM
465,12,9,12,1733717886.182956,1733717886.103372,79.58388328552246,12PM-1PM
468,12,9,12,1733717886.543097,1733717886.103408,439.68892097473145,12PM-1PM
470,12,9,12,1733717886.182965,1733717886.103437,79.5280933380127,12PM-1PM
441,13,9,12,1733720406.255936,1733720406.136192,119.74382400512695,1PM-2PM
442,13,9,12,1733720406.255952,1733720406.136208,119.74382400512695,1PM-2PM
444,13,9,12,1733720406.255945,1733720406.136233,119.71187591552734,1PM-2PM
450,13,9,12,1733720406.255938,1733720406.136339,119.5991039276123,1PM-2PM
452,13,9,12,1733720946.228552,1733720946.138866,89.68615531921387,1PM-2PM
453,13,9,12,1733720946.468588,1733720946.138881,329.70714569091797,1PM-2PM
454,13,9,12,1733720946.228529,1733720946.138895,89.63394165039062,1PM-2PM
456,13,9,12,1733720946.22856,1733720946.138919,89.64085578918457,1PM-2PM
457,13,9,12,1733720946.238571,1733720946.138931,99.639892578125,1PM-2PM
459,13,9,12,1733720946.238549,1733720946.138956,99.59292411804199,1PM-2PM
461,13,9,12,1733721486.240603,1733721486.140902,99.700927734375,1PM-2PM
462,13,9,12,1733721486.230609,1733721486.140933,89.6759033203125,1PM-2PM
463,13,9,12,1733721486.240596,1733721486.140952,99.64394569396973,1PM-2PM
464,13,9,12,1733721486.230627,1733721486.140966,89.6611213684082,1PM-2PM
467,13,9,12,1733721486.240619,1733721486.141006,99.61295127868652,1PM-2PM
468,13,9,12,1733721486.29062,1733721486.141019,149.60098266601562,1PM-2PM
469,13,9,12,1733721486.31064,1733721486.141033,169.60716247558594,1PM-2PM
470,13,9,12,1733721486.240602,1733721486.141045,99.55692291259766,1PM-2PM
442,14,9,12,1733724006.792246,1733724006.172504,619.7421550750732,2PM-3PM
443,14,9,12,1733724006.242109,1733724006.172518,69.59104537963867,2PM-3PM
444,14,9,12,1733724006.482145,1733724006.17253,309.6151351928711,2PM-3PM
446,14,9,12,1733724006.242117,1733724006.172555,69.56195831298828,2PM-3PM
449,14,9,12,1733724006.242092,1733724006.172592,69.49996948242188,2PM-3PM
458,14,9,12,1733724546.254278,1733724546.174673,79.6048641204834,2PM-3PM
460,14,9,12,1733724546.334322,1733724546.174702,159.6200466156006,2PM-3PM
462,14,9,12,1733725086.256142,1733725086.176508,79.63395118713379,2PM-3PM
463,14,9,12,1733725086.256134,1733725086.176524,79.61010932922363,2PM-3PM
464,14,9,12,1733725086.256128,1733725086.176536,79.59198951721191,2PM-3PM
465,14,9,12,1733725086.256158,1733725086.176548,79.61010932922363,2PM-3PM
466,14,9,12,1733725086.266135,1733725086.176561,89.57386016845703,2PM-3PM
469,14,9,12,1733725086.256153,1733725086.176602,79.55121994018555,2PM-3PM
470,14,9,12,1733725086.256144,1733725086.176614,79.53000068664551,2PM-3PM
448,15,9,12,1733727608.938381,1733727606.208208,2730.172872543335,3PM-4PM
461,15,9,12,1733728686.352723,1733728686.212992,139.73093032836914,3PM-4PM
463,15,9,12,1733728686.352713,1733728686.213039,139.67418670654297,3PM-4PM
464,15,9,12,1733728693.732308,1733728686.213051,7519.256830215454,3PM-4PM
465,15,9,12,1733728686.31271,1733728686.213076,99.63393211364746,3PM-4PM
469,15,9,12,1733728686.332773,1733728686.213134,119.63891983032227,3PM-4PM
440,16,9,12,1733731206.374109,1733731206.2444,129.70900535583496,4PM-5PM
443,16,9,12,1733731206.404133,1733731206.244463,159.6701145172119,4PM-5PM
450,16,9,12,1733731206.574159,1733731206.24455,329.6089172363281,4PM-5PM
454,16,9,12,1733731746.367025,1733731746.24735,119.6749210357666,4PM-5PM
467,16,9,12,1733732286.359252,1733732286.24964,109.61198806762695,4PM-5PM
441,17,9,12,1733734806.381307,1733734806.281624,99.68280792236328,5PM-6PM
442,17,9,12,1733734806.421329,1733734806.28164,139.68896865844727,5PM-6PM
443,17,9,12,1733734806.3813,1733734806.281653,99.64704513549805,5PM-6PM
451,17,9,12,1733735346.363555,1733735346.283856,79.69903945922852,5PM-6PM
452,17,9,12,1733735346.363563,1733735346.283885,79.67805862426758,5PM-6PM
454,17,9,12,1733735346.363548,1733735346.283913,79.6351432800293,5PM-6PM
456,17,9,12,1733735346.363547,1733735346.283938,79.60915565490723,5PM-6PM
457,17,9,12,1733735346.373542,1733735346.28395,89.59197998046875,5PM-6PM
459,17,9,12,1733735346.363564,1733735346.283978,79.58602905273438,5PM-6PM
461,17,9,12,1733735886.385575,1733735886.285899,99.67613220214844,5PM-6PM
462,17,9,12,1733735886.495629,1733735886.28593,209.69915390014648,5PM-6PM
463,17,9,12,1733735891.474953,1733735886.285945,5189.007997512817,5PM-6PM
464,17,9,12,1733735886.495636,1733735886.285958,209.67793464660645,5PM-6PM
465,17,9,12,1733735892.995286,1733735886.285975,6709.311008453369,5PM-6PM
466,17,9,12,1733735886.495637,1733735886.286001,209.63597297668457,5PM-6PM
468,17,9,12,1733735886.395631,1733735886.286027,109.6041202545166,5PM-6PM
470,17,9,12,1733735886.385606,1733735886.286051,99.55501556396484,5PM-6PM
441,18,9,12,1733738406.41815,1733738406.318473,99.67684745788574,6PM-7PM
442,18,9,12,1733738406.418131,1733738406.318488,99.64323043823242,6PM-7PM
443,18,9,12,1733738406.418157,1733738406.318501,99.6561050415039,6PM-7PM
444,18,9,12,1733738406.428165,1733738406.318513,109.65204238891602,6PM-7PM
448,18,9,12,1733738406.418164,1733738406.318566,99.59793090820312,6PM-7PM
449,18,9,12,1733738406.437155,1733738406.318579,118.5760498046875,6PM-7PM
450,18,9,12,1733738406.418149,1733738406.318591,99.55787658691406,6PM-7PM
452,18,9,12,1733738946.400139,1733738946.320479,79.66017723083496,6PM-7PM
454,18,9,12,1733738946.400141,1733738946.320507,79.63395118713379,6PM-7PM
457,18,9,12,1733738946.400156,1733738946.320545,79.61106300354004,6PM-7PM
458,18,9,12,1733738946.410166,1733738946.320561,89.60509300231934,6PM-7PM
460,18,9,12,1733738946.440232,1733738946.320587,119.6451187133789,6PM-7PM
464,18,9,12,1733739486.432174,1733739486.322526,109.64798927307129,6PM-7PM
465,18,9,12,1733739486.432156,1733739486.322538,109.6181869506836,6PM-7PM
469,18,9,12,1733739486.432167,1733739486.32259,109.57694053649902,6PM-7PM
470,18,9,12,1733739486.442224,1733739486.322603,119.62103843688965,6PM-7PM
440,19,9,12,1733742006.463385,1733742006.353682,109.70306396484375,7PM-8PM
441,19,9,12,1733742006.453358,1733742006.353714,99.64394569396973,7PM-8PM
442,19,9,12,1733742007.263541,1733742006.353729,909.8119735717773,7PM-8PM
444,19,9,12,1733742006.453399,1733742006.353754,99.64489936828613,7PM-8PM
446,19,9,12,1733742006.453376,1733742006.353778,99.59816932678223,7PM-8PM
447,19,9,12,1733742006.463398,1733742006.35379,109.60793495178223,7PM-8PM
448,19,9,12,1733742007.623618,1733742006.353807,1269.8109149932861,7PM-8PM
449,19,9,12,1733742006.45339,1733742006.35382,99.56979751586914,7PM-8PM
450,19,9,12,1733742007.753723,1733742006.353832,1399.8908996582031,7PM-8PM
452,19,9,12,1733742548.975637,1733742546.356368,2619.2688941955566,7PM-8PM
454,19,9,12,1733742546.44602,1733742546.356395,89.62488174438477,7PM-8PM
456,19,9,12,1733742546.446003,1733742546.356421,89.58196640014648,7PM-8PM
457,19,9,12,1733742546.456007,1733742546.356433,99.57408905029297,7PM-8PM
458,19,9,12,1733742546.446003,1733742546.356446,89.55693244934082,7PM-8PM
461,19,9,12,1733743086.4481,1733743086.358393,89.7071361541748,7PM-8PM
462,19,9,12,1733743086.468088,1733743086.358425,109.66300964355469,7PM-8PM
463,19,9,12,1733743086.458096,1733743086.358439,99.65705871582031,7PM-8PM
464,19,9,12,1733743086.478115,1733743086.358452,119.66300010681152,7PM-8PM
465,19,9,12,1733743086.468099,1733743086.358465,109.6341609954834,7PM-8PM
466,19,9,12,1733743086.478123,1733743086.358478,119.6448802947998,7PM-8PM
467,19,9,12,1733743086.468092,1733743086.35849,109.60197448730469,7PM-8PM
468,19,9,12,1733743086.448088,1733743086.358507,89.58101272583008,7PM-8PM
469,19,9,12,1733743086.448078,1733743086.35852,89.55788612365723,7PM-8PM
470,19,9,12,1733743086.448087,1733743086.358532,89.55502510070801,7PM-8PM
441,20,9,12,1733745606.489305,1733745606.389648,99.65705871582031,8PM-9PM
442,20,9,12,1733745606.489297,1733745606.389663,99.63393211364746,8PM-9PM
446,20,9,12,1733745606.489313,1733745606.389711,99.60198402404785,8PM-9PM
448,20,9,12,1733745606.659343,1733745606.389739,269.603967666626,8PM-9PM
449,20,9,12,1733745606.489314,1733745606.389751,99.5631217956543,8PM-9PM
452,20,9,12,1733746146.531608,1733746146.39193,139.6780014038086,8PM-9PM
453,20,9,12,1733746146.481598,1733746146.391945,89.65301513671875,8PM-9PM
454,20,9,12,1733746146.531616,1733746146.391958,139.65797424316406,8PM-9PM
456,20,9,12,1733746146.541587,1733746146.391982,149.60503578186035,8PM-9PM
457,20,9,12,1733746146.541618,1733746146.391995,149.62315559387207,8PM-9PM
458,20,9,12,1733746146.541625,1733746146.392008,149.61695671081543,8PM-9PM
459,20,9,12,1733746146.541595,1733746146.39202,149.57499504089355,8PM-9PM
462,20,9,12,1733746686.494439,1733746686.394819,99.61986541748047,8PM-9PM
464,20,9,12,1733746686.494428,1733746686.394848,99.5798110961914,8PM-9PM
465,20,9,12,1733746686.494401,1733746686.39486,99.54094886779785,8PM-9PM
466,20,9,12,1733746686.494444,1733746686.394878,99.56598281860352,8PM-9PM
467,20,9,12,1733746686.494408,1733746686.3949,99.50780868530273,8PM-9PM
469,20,9,12,1733746687.40367,1733746686.394925,1008.7449550628662,8PM-9PM
470,20,9,12,1733746686.494423,1733746686.394938,99.48492050170898,8PM-9PM
442,21,9,12,1733749206.586716,1733749206.437073,149.6429443359375,9PM-10PM
443,21,9,12,1733749206.566738,1733749206.437086,129.6517848968506,9PM-10PM
444,21,9,12,1733749206.566746,1733749206.437099,129.64701652526855,9PM-10PM
446,21,9,12,1733749206.566737,1733749206.437124,129.61292266845703,9PM-10PM
449,21,9,12,1733749206.56672,1733749206.437161,129.55904006958008,9PM-10PM
450,21,9,12,1733749206.566745,1733749206.437173,129.57215309143066,9PM-10PM
452,21,9,12,1733749746.520298,1733749746.440806,79.49209213256836,9PM-10PM
454,21,9,12,1733749746.520322,1733749746.440834,79.48803901672363,9PM-10PM
456,21,9,12,1733749746.520327,1733749746.440859,79.4680118560791,9PM-10PM
457,21,9,12,1733749746.520314,1733749746.440884,79.42986488342285,9PM-10PM
459,21,9,12,1733749746.520335,1733749746.440911,79.42390441894531,9PM-10PM
462,21,9,12,1733750286.542734,1733750286.44313,99.60389137268066,9PM-10PM
463,21,9,12,1733750286.542713,1733750286.443145,99.56789016723633,9PM-10PM
464,21,9,12,1733750286.532714,1733750286.443158,89.55597877502441,9PM-10PM
465,21,9,12,1733750286.542711,1733750286.443171,99.53999519348145,9PM-10PM
470,21,9,12,1733750286.552523,1733750286.443238,109.28487777709961,9PM-10PM
441,22,9,12,1733752806.603571,1733752806.483846,119.72498893737793,10PM-11PM
442,22,9,12,1733752806.633495,1733752806.483869,149.6260166168213,10PM-11PM
443,22,9,12,1733752806.603564,1733752806.483883,119.68111991882324,10PM-11PM
444,22,9,12,1733752806.603553,1733752806.483896,119.65703964233398,10PM-11PM
446,22,9,12,1733752806.63351,1733752806.483924,149.58620071411133,10PM-11PM
447,22,9,12,1733752806.5735,1733752806.483937,89.56289291381836,10PM-11PM
448,22,9,12,1733752806.60358,1733752806.48395,119.63009834289551,10PM-11PM
449,22,9,12,1733752806.633534,1733752806.483967,149.5668888092041,10PM-11PM
450,22,9,12,1733752806.643499,1733752806.48398,159.51895713806152,10PM-11PM
451,22,9,12,1733753346.575487,1733753346.485897,89.58983421325684,10PM-11PM
456,22,9,12,1733753346.565489,1733753346.486017,79.47206497192383,10PM-11PM
457,22,9,12,1733753346.575468,1733753346.48604,89.42794799804688,10PM-11PM
460,22,9,12,1733753352.135698,1733753346.486101,5649.59716796875,10PM-11PM
461,22,9,12,1733753886.588421,1733753886.488723,99.69806671142578,10PM-11PM
463,22,9,12,1733753886.58844,1733753886.48877,99.6699333190918,10PM-11PM
464,22,9,12,1733753886.598408,1733753886.488783,109.62510108947754,10PM-11PM
465,22,9,12,1733753886.598425,1733753886.4888,109.62486267089844,10PM-11PM
466,22,9,12,1733753886.598397,1733753886.488812,109.58504676818848,10PM-11PM
467,22,9,12,1733753886.598413,1733753886.488825,109.5879077911377,10PM-11PM
470,22,9,12,1733753886.588432,1733753886.488875,99.55716133117676,10PM-11PM
444,23,9,12,1733756407.223434,1733756406.523649,699.7849941253662,11PM-12AM
446,23,9,12,1733756406.633287,1733756406.523675,109.61198806762695,11PM-12AM
448,23,9,12,1733756406.633275,1733756406.5237,109.57503318786621,11PM-12AM
451,23,9,12,1733756946.635558,1733756946.525879,109.67898368835449,11PM-12AM
456,23,9,12,1733756946.63555,1733756946.525968,109.58194732666016,11PM-12AM
457,23,9,12,1733756946.645639,1733756946.525981,119.65799331665039,11PM-12AM
458,23,9,12,1733756946.635515,1733756946.525993,109.52186584472656,11PM-12AM
459,23,9,12,1733756946.635543,1733756946.52601,109.53307151794434,11PM-12AM
461,23,9,12,1733757486.609191,1733757486.529504,79.68688011169434,11PM-12AM
463,23,9,12,1733757486.678182,1733757486.529584,148.59795570373535,11PM-12AM
465,23,9,12,1733757486.688391,1733757486.529617,158.77389907836914,11PM-12AM
466,23,9,12,1733757486.688404,1733757486.529629,158.77509117126465,11PM-12AM
468,23,9,12,1733757486.668173,1733757486.52966,138.51308822631836,11PM-12AM
